Абрамов Роберт,2012-01-01,Воткинск
Абрамов Александр,1916-01-01,Домодедово
Абрамов Илья,1912-01-01,Севастополь
Абрамов Даниил,1918-01-01,Ржев
Абрамов Лев,2007-01-01,Когалым
Абрамов Игорь,2009-01-01,Дзержинск
Абрамов Никита,1981-01-01,Балашов
Абрамов Юрий,1935-01-01,Серпухов
Абрамов Егор,1962-01-01,Ногинск
Абрамов Всеволод,1906-01-01,Новомосковск
Абрамов Демид,1928-01-01,Обнинск
Абрамов Александр,1915-01-01,Омск
Абрамов Лука,1916-01-01,Лесосибирск
Абрамов Дмитрий,1986-01-01,Хасавюрт
Абрамов Александр,1923-01-01,Красноярск
Абрамов Иван,2002-01-01,Барнаул
Абрамов Лука,1986-01-01,Магадан
Абрамов Георгий,1994-01-01,Волжск
Абрамов Александр,1946-01-01,Энгельс
Абрамов Ярослав,1968-01-01,Севастополь
Абрамов Платон,1930-01-01,Искитим
Абрамов Тимофей,1909-01-01,Лиски
Абрамов Мирослав,2000-01-01,Челябинск
Абрамов Кирилл,1975-01-01,Елец
Абрамов Евгений,1964-01-01,Междуреченск
Абрамов Александр,1976-01-01,Верхняя Пышма
Абрамов Роман,1994-01-01,Ленинск-Кузнецкий
Абрамов Антон,1973-01-01,Ижевск
Абрамов Николай,1945-01-01,Красноярск
Абрамов Андрей,1980-01-01,Южно-Сахалинск
Абрамов Савва,1932-01-01,Томск
Абрамов Дмитрий,2008-01-01,Бузулук
Абрамов Артём,2007-01-01,Комсомольск-на-Амуре
Абрамов Егор,2012-01-01,Ишим
Абрамов Богдан,1980-01-01,Свободный
Абрамов Тимофей,1920-01-01,Геленджик
Абрамов Кирилл,1931-01-01,Бийск
Абрамов Владимир,1946-01-01,Борисоглебск
Абрамов Никита,1946-01-01,Калуга
Абрамов Кирилл,2007-01-01,Евпатория
Абрамов Александр,1920-01-01,Юрга
Абрамов Артемий,1936-01-01,Мичуринск
Абрамов Никита,1992-01-01,Клинцы
Абрамов Григорий,1910-01-01,Ковров
Абрамов Даниил,1922-01-01,Люберцы
Абрамов Иван,1955-01-01,Сосновый Бор
Абрамов Константин,1927-01-01,Дубна
Абрамов Тихон,1933-01-01,Нижневартовск
Абрамов Максим,1911-01-01,Новокузнецк
Абрамов Матвей,1928-01-01,Раменское
Абрамов Богдан,1908-01-01,Кириши
Абрамов Михаил,1958-01-01,Раменское
Абрамов Георгий,2006-01-01,Лысьва
Абрамов Михаил,2013-01-01,Киселевск
Абрамов Тимофей,1963-01-01,Сургут
Абрамов Александр,1905-01-01,Вологда
Абрамов Тимур,1912-01-01,Анапа
Абрамов Артём,1959-01-01,Лесосибирск
Абрамов Роман,1986-01-01,Красногорск
Абрамов Илья,1952-01-01,Жуковский
Абрамов Елисей,1977-01-01,Чита
Абрамов Лев,1962-01-01,Новоуральск
Абрамов Константин,1997-01-01,Геленджик
Абрамов Иван,1980-01-01,Волгодонск
Абрамов Николай,1924-01-01,Красноярск
Абрамов Георгий,1951-01-01,Дмитров
Абрамов Александр,1938-01-01,Гатчина
Абрамов Вячеслав,1926-01-01,Красногорск
Абрамов Тихон,1985-01-01,Липецк
Абрамов Даниил,1969-01-01,Черкесск
Абрамов Пётр,1989-01-01,Белогорск (Амурская область)
Абрамов Михаил,1911-01-01,Орехово-Зуево
Абрамов Степан,2007-01-01,Махачкала
Абрамов Всеволод,1943-01-01,Кумертау
Абрамов Антон,1952-01-01,Бийск
Абрамов Тимофей,1963-01-01,Тула
Абрамов Артём,2009-01-01,Россошь
Абрамов Ярослав,1968-01-01,Минусинск
Абрамов Егор,1922-01-01,Копейск
Абрамов Иван,1951-01-01,Кумертау
Абрамов Ярослав,1906-01-01,Белорецк
Абрамов Александр,1985-01-01,Ставрополь
Абрамов Семён,1991-01-01,Каспийск
Абрамов Арсений,1971-01-01,Тихорецк
Абрамов Александр,1940-01-01,Кузнецк
Абрамов Елисей,1967-01-01,Тихорецк
Абрамов Матвей,1928-01-01,Ставрополь
Абрамов Андрей,1929-01-01,Ачинск
Абрамов Арсений,1926-01-01,Донской
Абрамов Дмитрий,1912-01-01,Выборг
Абрамов Евгений,1923-01-01,Железногорск (Красноярский край)
Абрамов Михаил,1963-01-01,Арзамас
Абрамов Максим,1943-01-01,Санкт-Петербург
Абрамов Никита,2013-01-01,Ставрополь
Абрамов Андрей,1906-01-01,Златоуст
Абрамов Николай,1938-01-01,Казань
Абрамов Лев,2004-01-01,Биробиджан
Абрамов Матвей,1975-01-01,Альметьевск
Абрамов Михаил,1908-01-01,Горно-Алтайск
Абрамов Дмитрий,2003-01-01,Бор
Абрамов Савва,1904-01-01,Белорецк
Абрамов Илья,2012-01-01,Троицк
Абрамов Лев,1987-01-01,Кумертау
Абрамов Кирилл,1964-01-01,Набережные Челны
Абрамов Андрей,1906-01-01,Дмитров
Абрамов Мирослав,1995-01-01,Магнитогорск
Абрамов Кирилл,2010-01-01,Рославль
Абрамов Артём,1955-01-01,Копейск
Абрамов Артём,1954-01-01,Рязань
Абрамов Ярослав,1976-01-01,Тихорецк
Абрамов Михаил,1928-01-01,Батайск
Абрамов Егор,1970-01-01,Новочебоксарск
Абрамов Захар,1906-01-01,Борисоглебск
Абрамов Тимофей,1983-01-01,Грозный
Абрамов Артём,1937-01-01,Стерлитамак
Абрамов Александр,1913-01-01,Кумертау
Абрамов Михаил,1931-01-01,Егорьевск
Абрамов Даниил,1932-01-01,Батайск
Абрамов Павел,1993-01-01,Избербаш
Абрамов Олег,1959-01-01,Салават
Абрамов Лев,1993-01-01,Оренбург
Абрамов Святослав,1922-01-01,Ухта
Абрамов Максим,1967-01-01,Новомосковск
Абрамов Кирилл,1934-01-01,Шахты
Абрамов Кирилл,1960-01-01,Туймазы
Абрамов Николай,1989-01-01,Архангельск
Абрамов Александр,1914-01-01,Грозный
Абрамов Егор,2004-01-01,Озерск (Челябинская область)
Абрамов Иван,1973-01-01,Белгород
Абрамов Никита,1983-01-01,Березники
Абрамов Даниил,1979-01-01,Дубна
Абрамов Фёдор,1908-01-01,Воркута
Абрамов Кирилл,1952-01-01,Лыткарино
Абрамов Алексей,1939-01-01,Буйнакск
Абрамов Артём,1973-01-01,Белово
Абрамов Иван,1915-01-01,Грозный
Абрамов Даниил,1939-01-01,Павлово
Абрамов Ян,1989-01-01,Новороссийск
Абрамов Владимир,1999-01-01,Гудермес
Абрамов Иван,1957-01-01,Орск
Абрамов Мирон,1951-01-01,Наро-Фоминск
Абрамов Георгий,1951-01-01,Россошь
Абрамов Даниил,1976-01-01,Тобольск
Абрамов Василий,1908-01-01,Муром
Абрамов Борис,2004-01-01,Балашов
Абрамов Леон,1994-01-01,Сергиев Посад
Абрамов Роман,1952-01-01,Севастополь
Абрамов Алексей,1972-01-01,Благовещенск (Амурская область)
Абрамов Мирон,1990-01-01,Минеральные Воды
Абрамов Андрей,1914-01-01,Лениногорск
Абрамов Степан,1975-01-01,Мурманск
Абрамов Григорий,1985-01-01,Лениногорск
Абрамов Макар,1949-01-01,Коломна
Абрамов Кирилл,1928-01-01,Сочи
Абрамов Максим,1907-01-01,Одинцово
Абрамов Глеб,1917-01-01,Котлас
Абрамов Владислав,1939-01-01,Феодосия
Абрамов Кирилл,1984-01-01,Когалым
Абрамов Артём,1930-01-01,Щекино
Абрамов Тимофей,1906-01-01,Назарово
Абрамов Егор,1949-01-01,Волгоград
Абрамов Григорий,1962-01-01,Ишим
Абрамов Ярослав,1960-01-01,Пятигорск
Абрамов Евгений,1917-01-01,Тимашевск
Абрамов Савелий,1996-01-01,Волжский
Абрамов Матвей,1987-01-01,Нижний Тагил
Абрамов Максим,1918-01-01,Всеволожск
Абрамов Денис,1964-01-01,Красногорск
Абрамов Кирилл,1946-01-01,Владивосток
Абрамов Юрий,1914-01-01,Каменск-Шахтинский
Абрамов Михаил,1914-01-01,Ханты-Мансийск
Абрамов Георгий,1961-01-01,Электросталь
Абрамов Александр,1958-01-01,Полевской
Абрамов Михаил,1930-01-01,Тихвин
Абрамов Максим,1933-01-01,Оренбург
Абрамов Иван,1948-01-01,Гусь-Хрустальный
Абрамов Гордей,1974-01-01,Петропавловск-Камчатский
Абрамов Кирилл,1957-01-01,Воркута
Абрамов Максим,1993-01-01,Подольск
Абрамов Платон,1966-01-01,Комсомольск-на-Амуре
Абрамов Александр,1915-01-01,Домодедово
Абрамов Артемий,2010-01-01,Белогорск (Амурская область)
Абрамов Роман,1975-01-01,Тихорецк
Абрамов Максим,1918-01-01,Ангарск
Абрамов Ярослав,1919-01-01,Копейск
Абрамов Даниил,1930-01-01,Брянск
Абрамов Платон,2000-01-01,Шадринск
Абрамов Никита,1910-01-01,Феодосия
Абрамов Арсений,1966-01-01,Ачинск
Абрамов Марк,1935-01-01,Зеленодольск
Абрамов Артём,1942-01-01,Нефтеюганск
Абрамов Илья,1917-01-01,Междуреченск
Абрамов Богдан,1952-01-01,Ангарск
Абрамов Даниил,1916-01-01,Нижний Тагил
Абрамов Александр,1989-01-01,Хасавюрт
Абрамов Елисей,1913-01-01,Златоуст
Абрамов Тимофей,1996-01-01,Тольятти
Абрамов Марк,1999-01-01,Серов
Абрамов Илья,1970-01-01,Ангарск
Абрамов Глеб,1987-01-01,Саратов
Абрамов Матвей,1931-01-01,Балахна
Абрамов Кирилл,1949-01-01,Набережные Челны
Абрамов Александр,1934-01-01,Ухта
Абрамов Артём,1963-01-01,Чита
Абрамов Илья,1974-01-01,Красногорск
Абрамов Пётр,1949-01-01,Ишимбай
Абрамов Павел,1980-01-01,Самара
Абрамов Савва,1938-01-01,Минеральные Воды
Абрамов Егор,1974-01-01,Свободный
Абрамов Макар,1958-01-01,Норильск
Абрамов Ярослав,1982-01-01,Усолье-Сибирское
Абрамов Артур,2002-01-01,Искитим
Абрамов Платон,1994-01-01,Ижевск
Абрамов Даниил,1988-01-01,Прохладный
Абрамов Кирилл,2011-01-01,Гудермес
Абрамов Никита,1976-01-01,Калининград
Абрамов Александр,1990-01-01,Геленджик
Абрамов Андрей,2004-01-01,Туапсе
Абрамов Михаил,1993-01-01,Керчь
Абрамов Александр,2007-01-01,Волжский
Абрамов Кирилл,1959-01-01,Великий Новгород
Абрамов Тимофей,1929-01-01,Сыктывкар
Абрамов Матвей,1980-01-01,Домодедово
Абрамов Александр,1923-01-01,Крымск
Абрамов Максим,1998-01-01,Электросталь
Абрамов Вячеслав,1980-01-01,Сальск
Абрамов Александр,1904-01-01,Улан-Удэ
Абрамов Кирилл,1988-01-01,Владикавказ
Абрамов Артём,1955-01-01,Черемхово
Абрамов Иван,1979-01-01,Муром
Абрамов Никита,1919-01-01,Великие Луки
Абрамов Даниил,1996-01-01,Балашов
Абрамов Адам,1953-01-01,Прокопьевск
Абрамов Константин,1906-01-01,Курган
Абрамов Сергей,1954-01-01,Георгиевск
Абрамов Александр,1933-01-01,Петропавловск-Камчатский
Абрамов Максим,1962-01-01,Гуково
Абрамов Никита,1910-01-01,Волгодонск
Абрамов Тимур,1907-01-01,Петропавловск-Камчатский
Абрамов Кирилл,1953-01-01,Михайловск (Ставропольский край)
Абрамов Андрей,2000-01-01,Курган
Абрамов Макар,2004-01-01,Арсеньев
Абрамов Матвей,2007-01-01,Томск
Абрамов Сергей,1929-01-01,Долгопрудный
Абрамов Андрей,1957-01-01,Крымск
Абрамов Павел,1995-01-01,Ульяновск
Абрамов Илья,1958-01-01,Новый Уренгой
Абрамов Леонид,1984-01-01,Железногорск (Красноярский край)
Абрамов Гордей,1909-01-01,Армавир
Абрамов Константин,1917-01-01,Екатеринбург
Абрамов Николай,1992-01-01,Сызрань
Абрамов Платон,1934-01-01,Курск
Абрамов Леонид,1950-01-01,Набережные Челны
Абрамов Михаил,1932-01-01,Петрозаводск
Абрамов Михаил,1904-01-01,Зеленогорск
Абрамов Матвей,1932-01-01,Курган
Абрамов Матвей,1932-01-01,Салават
Абрамов Демьян,2008-01-01,Курган
Абрамов Иван,1969-01-01,Люберцы
Абрамов Иван,1927-01-01,Краснодар
Абрамов Фёдор,1981-01-01,Солнечногорск
Абрамов Андрей,2010-01-01,Красногорск
Абрамов Михаил,1981-01-01,Якутск
Абрамов Леонид,1918-01-01,Буденновск
Абрамов Иван,2010-01-01,Невинномысск
Абрамов Даниил,1965-01-01,Лениногорск
Абрамов Марк,1934-01-01,Павловский Посад
Абрамов Игорь,1970-01-01,Боровичи
Абрамов Максим,1936-01-01,Волгодонск
Абрамов Павел,1961-01-01,Усть-Илимск
Абрамов Виктор,1956-01-01,Калуга
Абрамов Макар,1954-01-01,Петрозаводск
Абрамов Дмитрий,1967-01-01,Ставрополь
Абрамов Алексей,1959-01-01,Орел
Абрамов Юрий,1999-01-01,Сарапул
Абрамов Владимир,1920-01-01,Брянск
Абрамов Фёдор,1949-01-01,Домодедово
Абрамов Максим,1923-01-01,Бердск
Абрамов Тимофей,1930-01-01,Каменск-Уральский
Абрамов Владимир,1959-01-01,Михайловск (Ставропольский край)
Абрамов Илья,1942-01-01,Домодедово
Абрамов Сергей,2012-01-01,Лениногорск
Абрамов Егор,1986-01-01,Петропавловск-Камчатский
Абрамов Андрей,1961-01-01,Белово
Абрамов Даниил,2002-01-01,Белебей
Абрамов Богдан,1998-01-01,Долгопрудный
Абрамов Илья,1961-01-01,Томск
Абрамов Илья,1922-01-01,Москва
Абрамов Роман,1972-01-01,Геленджик
Абрамов Максим,1941-01-01,Краснокамск
Абрамов Андрей,1957-01-01,Ставрополь
Абрамов Глеб,1940-01-01,Когалым
Абрамов Фёдор,1974-01-01,Балаково
Абрамов Захар,1919-01-01,Жигулевск
Абрамов Олег,1973-01-01,Артем
Абрамов Максим,1911-01-01,Лесосибирск
Абрамов Артём,1983-01-01,Бузулук
Абрамов Фёдор,1945-01-01,Заречный
Абрамов Михаил,1917-01-01,Сосновый Бор
Абрамов Даниил,1908-01-01,Михайловка
Абрамов Кирилл,1961-01-01,Ставрополь
Абрамов Артём,1942-01-01,Дубна
Абрамов Денис,1920-01-01,Барнаул
Абрамов Степан,1940-01-01,Дмитров
Абрамов Илья,2006-01-01,Подольск
Абрамов Александр,1972-01-01,Нягань
Абрамов Даниил,1955-01-01,Щекино
Абрамов Степан,1982-01-01,Домодедово
Абрамов Роман,1985-01-01,Ноябрьск
Абрамов Лев,1958-01-01,Одинцово
Абрамов Фёдор,1962-01-01,Буйнакск
Абрамов Леонид,2007-01-01,Георгиевск
Абрамов Тимур,1999-01-01,Воронеж
Абрамов Александр,1950-01-01,Нягань
Абрамов Савелий,1922-01-01,Пермь
Абрамов Дмитрий,2001-01-01,Екатеринбург
Абрамов Максим,1949-01-01,Кызыл
Абрамов Александр,1940-01-01,Анжеро-Судженск
Абрамов Иван,1915-01-01,Балаково
Абрамов Егор,1963-01-01,Подольск
Абрамов Платон,1973-01-01,Биробиджан
Абрамов Никита,1954-01-01,Горно-Алтайск
Абрамов Андрей,1959-01-01,Ейск
Абрамов Лев,1912-01-01,Канск
Абрамов Филипп,1922-01-01,Серов
Абрамов Михаил,2003-01-01,Бийск
Абрамов Марк,1920-01-01,Нижнекамск
Абрамов Савелий,1975-01-01,Таганрог
Абрамов Михаил,1960-01-01,Нефтеюганск
Абрамов Ярослав,1920-01-01,Подольск
Абрамов Денис,1942-01-01,Когалым
Абрамов Савелий,1985-01-01,Серпухов
Абрамов Георгий,1976-01-01,Ачинск
Абрамов Иван,1926-01-01,Искитим
Абрамов Владимир,1939-01-01,Анжеро-Судженск
Абрамов Елисей,1956-01-01,Назрань
Абрамов Иван,1948-01-01,Октябрьский
Абрамов Дмитрий,1915-01-01,Благовещенск (Амурская область)
Абрамов Фёдор,1999-01-01,Россошь
Абрамов Владимир,1911-01-01,Благовещенск (Амурская область)
Абрамов Марк,1989-01-01,Каспийск
Абрамов Михаил,2010-01-01,Электросталь
Абрамов Артём,2010-01-01,Наро-Фоминск
Абрамов Максим,1998-01-01,Дербент
Абрамов Родион,1978-01-01,Майкоп
Абрамов Фёдор,1974-01-01,Донской
Абрамов Филипп,1964-01-01,Симферополь
Абрамов Лев,1938-01-01,Вязьма
Абрамов Глеб,1933-01-01,Рыбинск
Абрамов Михаил,1974-01-01,Урус-Мартан
Абрамов Кирилл,1962-01-01,Назарово
Абрамов Станислав,1935-01-01,Нижний Тагил
Абрамов Степан,1927-01-01,Кириши
Абрамов Глеб,1998-01-01,Чехов
Абрамов Никита,1972-01-01,Усолье-Сибирское
Абрамов Владимир,1979-01-01,Ишим
Абрамов Иван,1947-01-01,Самара
Абрамов Роман,1913-01-01,Березовский (Свердловская область)
Абрамов Георгий,1917-01-01,Ступино
Абрамов Иван,1905-01-01,Озерск (Челябинская область)
Абрамов Никита,1971-01-01,Чехов
Абрамов Денис,1980-01-01,Смоленск
Абрамов Владислав,1986-01-01,Волгоград
Абрамов Александр,1910-01-01,Нефтеюганск
Абрамов Александр,2008-01-01,Тверь
Абрамов Михаил,1956-01-01,Комсомольск-на-Амуре
Абрамов Никита,1992-01-01,Гусь-Хрустальный
Абрамов Тихон,1975-01-01,Калуга
Абрамов Даниил,1934-01-01,Клинцы
Абрамов Гордей,1927-01-01,Великие Луки
Абрамов Василий,1999-01-01,Таганрог
Абрамов Василий,2006-01-01,Евпатория
Абрамов Илья,1921-01-01,Домодедово
Абрамов Герман,1988-01-01,Борисоглебск
Абрамов Александр,1929-01-01,Череповец
Абрамов Дмитрий,1975-01-01,Клинцы
Абрамов Андрей,1940-01-01,Тимашевск
Абрамов Иван,1961-01-01,Электросталь
Абрамов Михаил,1922-01-01,Новочеркасск
Абрамов Михаил,1941-01-01,Новоалтайск
Абрамов Константин,1913-01-01,Серов
Абрамов Максим,1952-01-01,Серов
Абрамов Степан,1969-01-01,Уссурийск
Абрамов Андрей,1907-01-01,Новокузнецк
Абрамов Никита,1919-01-01,Кинешма
Абрамов Игорь,1976-01-01,Подольск
Абрамов Михаил,1990-01-01,Хасавюрт
Абрамов Даниил,1978-01-01,Мурманск
Абрамов Всеволод,1988-01-01,Тихвин
Абрамов Андрей,1976-01-01,Георгиевск
Абрамов Денис,1961-01-01,Красноярск
Абрамов Михаил,1977-01-01,Воткинск
Абрамов Иван,1934-01-01,Новокузнецк
Абрамов Владислав,1922-01-01,Брянск
Абрамов Виктор,1951-01-01,Петрозаводск
Абрамов Михаил,1963-01-01,Мелеуз
Абрамов Савва,1980-01-01,Донской
Абрамов Даниил,2003-01-01,Новошахтинск
Абрамов Максим,1974-01-01,Россошь
Абрамов Михаил,1978-01-01,Гуково
Абрамов Виктор,1935-01-01,Хабаровск
Абрамов Михаил,1938-01-01,Сергиев Посад
Абрамов Артём,1942-01-01,Прокопьевск
Абрамов Владимир,2001-01-01,Бугульма
Абрамов Андрей,1981-01-01,Курск
Абрамов Даниил,2009-01-01,Геленджик
Абрамов Константин,1914-01-01,Ржев
Абрамов Егор,1934-01-01,Дубна
Абрамов Даниил,1957-01-01,Пушкино
Абрамов Семён,2001-01-01,Сальск
Абрамов Игорь,2009-01-01,Салават
Абрамов Никита,1987-01-01,Чайковский
Абрамов Егор,1932-01-01,Донской
Абрамов Артём,2009-01-01,Обнинск
Абрамов Матвей,1933-01-01,Сосновый Бор
Абрамов Максим,1988-01-01,Комсомольск-на-Амуре
Абрамов Павел,1905-01-01,Первоуральск
Абрамов Николай,1932-01-01,Кызыл
Абрамов Денис,1911-01-01,Каспийск
Абрамов Александр,1969-01-01,Тихорецк
Абрамов Платон,2001-01-01,Выборг
Абрамов Константин,1912-01-01,Всеволожск
Абрамов Ярослав,1952-01-01,Обнинск
Абрамов Лев,1935-01-01,Энгельс
Абрамов Артём,2012-01-01,Иваново
Абрамов Владислав,1937-01-01,Бор
Абрамов Андрей,1987-01-01,Сертолово
Абрамов Андрей,1924-01-01,Анапа
Абрамов Артём,1926-01-01,Павлово
Абрамов Александр,1916-01-01,Свободный
Абрамов Богдан,1947-01-01,Ногинск
Абрамов Никита,1909-01-01,Борисоглебск
Абрамов Владислав,1964-01-01,Донской
Абрамов Максим,1950-01-01,Крымск
Абрамов Фёдор,1973-01-01,Выборг
Абрамов Дмитрий,1962-01-01,Домодедово
Абрамов Артём,1953-01-01,Москва
Абрамов Илья,2009-01-01,Лабинск
Абрамов Родион,1966-01-01,Арзамас
Абрамов Константин,1992-01-01,Щекино
Абрамов Даниил,1986-01-01,Златоуст
Абрамов Алексей,1907-01-01,Бугульма
Абрамов Илья,1948-01-01,Анапа
Абрамов Георгий,1948-01-01,Астрахань
Абрамов Марк,1914-01-01,Тихорецк
Абрамов Максим,1960-01-01,Соликамск
Абрамов Роберт,1924-01-01,Стерлитамак
Абрамов Пётр,1970-01-01,Чебоксары
Абрамов Владимир,1913-01-01,Тобольск
Абрамов Егор,2013-01-01,Фрязино
Абрамов Лев,1936-01-01,Ивантеевка
Абрамов Михаил,1959-01-01,Калининград
Абрамов Платон,1982-01-01,Камышин
Абрамов Георгий,1926-01-01,Славянск-на-Кубани
Абрамов Платон,1990-01-01,Саранск
Абрамов Степан,1939-01-01,Асбест
Абрамов Иван,1994-01-01,Барнаул
Абрамов Фёдор,1921-01-01,Новороссийск
Абрамов Фёдор,1923-01-01,Кузнецк
Абрамов Дмитрий,1905-01-01,Тамбов
Абрамов Иван,1978-01-01,Орел
Абрамов Владимир,1904-01-01,Усть-Илимск
Абрамов Пётр,1963-01-01,Анапа
Абрамов Александр,2012-01-01,Анапа
Абрамов Александр,1904-01-01,Тюмень
Абрамов Дмитрий,1906-01-01,Дмитров
Абрамов Иван,1977-01-01,Находка
Абрамов Святослав,1930-01-01,Ялта
Абрамов Егор,1980-01-01,Назрань
Абрамов Роман,1910-01-01,Новоалтайск
Абрамов Михаил,1942-01-01,Ижевск
Абрамов Степан,1915-01-01,Анжеро-Судженск
Абрамов Денис,2009-01-01,Бугульма
Абрамов Арсений,1920-01-01,Сертолово
Абрамов Матвей,2002-01-01,Щекино
Абрамов Василий,1931-01-01,Кунгур
Абрамов Максим,1904-01-01,Геленджик
Абрамов Григорий,1954-01-01,Каменск-Шахтинский
Абрамов Иван,1970-01-01,Славянск-на-Кубани
Абрамов Сергей,1923-01-01,Верхняя Пышма
Абрамов Игорь,1976-01-01,Самара
Абрамов Платон,1981-01-01,Сыктывкар
Абрамов Вячеслав,1981-01-01,Нижнекамск
Абрамов Тимофей,2001-01-01,Апатиты
Абрамов Глеб,1975-01-01,Миасс
Абрамов Григорий,1980-01-01,Прокопьевск
Абрамов Максим,1938-01-01,Кисловодск
Абрамов Илья,2002-01-01,Северодвинск
Абрамов Алексей,1907-01-01,Воскресенск
Абрамов Степан,1979-01-01,Клинцы
Абрамов Александр,1934-01-01,Первоуральск
Абрамов Родион,1965-01-01,Ногинск
Абрамов Лев,1983-01-01,Подольск
Абрамов Артём,2012-01-01,Чистополь
Абрамов Пётр,1952-01-01,Губкин
Абрамов Тимур,1989-01-01,Чапаевск
Абрамов Алексей,2000-01-01,Туймазы
Абрамов Андрей,1921-01-01,Ишимбай
Абрамов Михаил,1977-01-01,Великие Луки
Абрамов Иван,1973-01-01,Тихвин
Абрамов Роман,1978-01-01,Железногорск (Курская область)
Абрамов Василий,2010-01-01,Воскресенск
Абрамов Михаил,1952-01-01,Алексин
Абрамов Михаил,1909-01-01,Махачкала
Абрамов Дмитрий,1961-01-01,Нижний Тагил
Абрамов Лука,1980-01-01,Тула
Абрамов Константин,1994-01-01,Когалым
Абрамов Арсений,1959-01-01,Обнинск
Абрамов Глеб,1904-01-01,Батайск
Абрамов Андрей,1967-01-01,Тюмень
Абрамов Павел,1931-01-01,Вольск
Абрамов Артём,1923-01-01,Курск
Абрамов Лев,2010-01-01,Сальск
Абрамов Артём,1908-01-01,Вязьма
Абрамов Вячеслав,1931-01-01,Новый Уренгой
Абрамов Максим,1988-01-01,Каменск-Шахтинский
Абрамов Максим,1952-01-01,Майкоп
Абрамов Павел,1947-01-01,Нижний Новгород
Абрамов Кирилл,1937-01-01,Муром
Абрамов Даниил,1991-01-01,Бугульма
Абрамов Евгений,1928-01-01,Егорьевск
Абрамов Артём,2000-01-01,Ростов-на-Дону
Абрамов Кирилл,1939-01-01,Избербаш
Абрамов Иван,1963-01-01,Соликамск
Абрамов Ярослав,1996-01-01,Набережные Челны
Абрамов Максим,1960-01-01,Павлово
Абрамов Родион,1920-01-01,Озерск (Челябинская область)
Абрамов Александр,1947-01-01,Выкса
Абрамов Леонид,1921-01-01,Лиски
Абрамов Даниил,1921-01-01,Краснокаменск
Абрамов Лев,1921-01-01,Выкса
Абрамов Павел,1915-01-01,Ставрополь
Абрамов Марк,1986-01-01,Якутск
Абрамов Фёдор,1989-01-01,Чапаевск
Абрамов Кирилл,1919-01-01,Павловский Посад
Абрамов Арсений,2008-01-01,Ижевск
Абрамов Дмитрий,1967-01-01,Крымск
Абрамов Константин,1947-01-01,Георгиевск
Абрамов Андрей,2001-01-01,Усть-Илимск
Абрамов Иван,1946-01-01,Барнаул
Абрамов Михаил,1998-01-01,Хасавюрт
Абрамов Лука,2008-01-01,Самара
Абрамов Мирон,1910-01-01,Красноярск
Абрамов Никита,1973-01-01,Йошкар-Ола
Абрамов Богдан,1930-01-01,Ивантеевка
Абрамов Иван,1921-01-01,Подольск
Абрамов Семён,2004-01-01,Геленджик
Абрамов Даниил,1946-01-01,Нижнекамск
Абрамов Илья,2000-01-01,Волгодонск
Абрамов Илья,1996-01-01,Рязань
Абрамов Артём,1909-01-01,Хабаровск
Абрамов Георгий,1994-01-01,Ржев
Абрамов Павел,1929-01-01,Тихвин
Абрамов Артём,1972-01-01,Сызрань
Абрамов Даниил,1969-01-01,Урус-Мартан
Абрамов Максим,1996-01-01,Петрозаводск
Абрамов Дмитрий,1912-01-01,Кызыл
Абрамов Максим,1998-01-01,Магнитогорск
Абрамов Юрий,1982-01-01,Михайловск (Ставропольский край)
Абрамов Леон,1909-01-01,Ростов-на-Дону
Абрамов Марк,1956-01-01,Ангарск
Абрамов Алексей,1992-01-01,Шахты
Абрамов Тимофей,1952-01-01,Сертолово
Абрамов Максим,2008-01-01,Кисловодск
Абрамов Максим,1980-01-01,Выкса
Абрамов Фёдор,2001-01-01,Комсомольск-на-Амуре
Абрамов Лев,1977-01-01,Улан-Удэ
Абрамов Игорь,1944-01-01,Солнечногорск
Абрамов Арсений,1911-01-01,Нижний Новгород
Абрамов Александр,2000-01-01,Армавир
Абрамов Максим,1911-01-01,Бердск
Абрамов Александр,1909-01-01,Архангельск
Абрамов Георгий,1979-01-01,Калуга
Абрамов Максим,1997-01-01,Вязьма
Абрамов Илья,1940-01-01,Славянск-на-Кубани
Абрамов Владислав,1988-01-01,Лыткарино
Абрамов Родион,1985-01-01,Ишимбай
Абрамов Константин,1913-01-01,Ульяновск
Абрамов Виктор,1927-01-01,Видное
Абрамов Елисей,1964-01-01,Саратов
Абрамов Виктор,1979-01-01,Киров (Кировская область)
Абрамов Фёдор,1971-01-01,Улан-Удэ
Абрамов Марк,1957-01-01,Омск
Абрамов Платон,1921-01-01,Киселевск
Абрамов Лев,1982-01-01,Новоуральск
Абрамов Роман,1989-01-01,Грозный
Абрамов Святослав,1932-01-01,Новотроицк
Абрамов Тимофей,1998-01-01,Феодосия
Абрамов Роман,1914-01-01,Кинешма
Абрамов Егор,1937-01-01,Нижнекамск
Абрамов Никита,2007-01-01,Новоалтайск
Абрамов Даниил,1954-01-01,Волгодонск
Абрамов Дмитрий,1932-01-01,Ноябрьск
Абрамов Денис,1989-01-01,Анжеро-Судженск
Абрамов Константин,1913-01-01,Озерск (Челябинская область)
Абрамов Андрей,1915-01-01,Саратов
Абрамов Артём,1955-01-01,Кинешма
Абрамов Егор,1961-01-01,Сертолово
Абрамов Сергей,1998-01-01,Петрозаводск
Абрамов Юрий,1924-01-01,Находка
Абрамов Денис,1938-01-01,Грозный
Абрамов Богдан,1920-01-01,Тула
Абрамов Александр,1986-01-01,Солнечногорск
Абрамов Елисей,1956-01-01,Нижний Новгород
Абрамов Фёдор,1932-01-01,Мелеуз
Абрамов Артём,2006-01-01,Нижний Новгород
Абрамов Артём,1959-01-01,Сызрань
Абрамов Иван,1907-01-01,Сызрань
Абрамов Никита,1970-01-01,Пермь
Абрамов Тимофей,1936-01-01,Петропавловск-Камчатский
Абрамов Артём,1976-01-01,Кузнецк
Абрамов Михаил,1955-01-01,Орел
Абрамов Демид,1974-01-01,Златоуст
Абрамов Илья,1968-01-01,Прокопьевск
Абрамов Роман,1949-01-01,Троицк
Абрамов Владимир,1937-01-01,Губкин
Абрамов Захар,1947-01-01,Южно-Сахалинск
Абрамов Даниил,1957-01-01,Магадан
Абрамов Александр,1971-01-01,Балашов
Абрамов Артём,1950-01-01,Тихорецк
Абрамов Михаил,1918-01-01,Новошахтинск
Абрамов Михаил,1930-01-01,Феодосия
Абрамов Дмитрий,1953-01-01,Орск
Абрамов Роман,1922-01-01,Тула
Абрамов Александр,1929-01-01,Камышин
Абрамов Иван,1981-01-01,Ковров
Абрамов Максим,1951-01-01,Горно-Алтайск
Абрамов Святослав,2012-01-01,Новоуральск
Абрамов Кирилл,1956-01-01,Прохладный
Абрамов Михаил,1912-01-01,Томск
Абрамов Адам,1977-01-01,Минеральные Воды
Абрамов Артур,1921-01-01,Калуга
Абрамов Максим,1991-01-01,Новочеркасск
Абрамов Константин,2003-01-01,Новокузнецк
Абрамов Александр,1917-01-01,Черногорск
Абрамов Иван,1962-01-01,Нерюнгри
Абрамов Леонид,1978-01-01,Елабуга
Абрамов Пётр,1924-01-01,Тамбов
Абрамов Илья,2000-01-01,Владивосток
Абрамов Максим,2001-01-01,Россошь
Абрамов Макар,1946-01-01,Нефтеюганск
Абрамов Яков,1949-01-01,Старый Оскол
Абрамов Георгий,1921-01-01,Рубцовск
Абрамов Павел,1993-01-01,Краснотурьинск
Абрамов Артём,1927-01-01,Сергиев Посад
Абрамов Максим,2013-01-01,Артем
Абрамов Матвей,1942-01-01,Оренбург
Абрамов Ярослав,1931-01-01,Мытищи
Абрамов Лев,1928-01-01,Анапа
Абрамов Богдан,1986-01-01,Балашов
Абрамов Ярослав,1972-01-01,Череповец
Абрамов Макар,1984-01-01,Ишимбай
Абрамов Тимофей,1979-01-01,Сосновый Бор
Абрамов Михаил,1912-01-01,Азов
Абрамов Евгений,1935-01-01,Новокуйбышевск
Абрамов Алексей,1996-01-01,Чехов
Абрамов Александр,1951-01-01,Майкоп
Абрамов Михаил,1972-01-01,Астрахань
Абрамов Виктор,1906-01-01,Фрязино
Абрамов Руслан,1928-01-01,Иркутск
Абрамов Лев,1978-01-01,Находка
Абрамов Евгений,1904-01-01,Ханты-Мансийск
Абрамов Егор,1937-01-01,Ульяновск
Абрамов Андрей,1966-01-01,Бор
Абрамов Захар,1960-01-01,Выборг
Абрамов Владимир,1975-01-01,Ессентуки
Абрамов Иван,1956-01-01,Сарапул
Абрамов Макар,2001-01-01,Михайловск (Ставропольский край)
Абрамов Марк,1972-01-01,Серов
Абрамов Илья,1962-01-01,Борисоглебск
Абрамов Тимофей,1959-01-01,Обнинск
Абрамов Лев,1917-01-01,Тольятти
Абрамов Александр,1932-01-01,Озерск (Челябинская область)
Абрамов Андрей,1932-01-01,Новосибирск
Абрамов Леон,1936-01-01,Комсомольск-на-Амуре
Абрамов Илья,1999-01-01,Борисоглебск
Абрамов Семён,1989-01-01,Усолье-Сибирское
Абрамов Александр,1971-01-01,Орехово-Зуево
Абрамов Мирон,1982-01-01,Анжеро-Судженск
Абрамов Артём,1922-01-01,Балахна
Абрамов Артём,1904-01-01,Воткинск
Абрамов Егор,1986-01-01,Орск
Абрамов Иван,2006-01-01,Бугульма
Абрамов Михаил,1904-01-01,Муром
Абрамов Марк,2007-01-01,Усть-Илимск
Абрамов Мирон,1981-01-01,Грозный
Абрамов Адам,1946-01-01,Ухта
Абрамов Тихон,2013-01-01,Арсеньев
Абрамов Максим,1997-01-01,Батайск
Абрамов Лев,1977-01-01,Нефтекамск
Абрамов Дмитрий,1956-01-01,Саров
Абрамов Даниил,1925-01-01,Заречный
Абрамов Михаил,1975-01-01,Нижнекамск
Абрамов Максим,1999-01-01,Владимир
Абрамов Константин,1966-01-01,Кострома
Абрамов Александр,1990-01-01,Новоалтайск
Абрамов Глеб,2001-01-01,Дзержинск
Абрамов Максим,1979-01-01,Железногорск (Красноярский край)
Абрамов Алексей,1976-01-01,Фрязино
Абрамов Кирилл,1989-01-01,Волгодонск
Абрамов Александр,1994-01-01,Гусь-Хрустальный
Абрамов Александр,1990-01-01,Киселевск
Абрамов Мирон,1953-01-01,Орск
Абрамов Александр,1924-01-01,Серов
Абрамов Иван,1959-01-01,Новочеркасск
Абрамов Артём,1982-01-01,Воткинск
Абрамов Дмитрий,1958-01-01,Пермь
Абрамов Артём,1955-01-01,Зеленогорск
Абрамов Андрей,1942-01-01,Сосновый Бор
Абрамов Никита,1932-01-01,Нефтекамск
Абрамов Марк,1913-01-01,Егорьевск
Абрамов Владимир,1918-01-01,Георгиевск
Абрамов Тимофей,1906-01-01,Ульяновск
Абрамов Иван,1983-01-01,Ишим
Абрамов Никита,1996-01-01,Сызрань
Абрамов Илья,1989-01-01,Нижневартовск
Абрамов Даниил,1918-01-01,Электросталь
Абрамов Михаил,2004-01-01,Усолье-Сибирское
Абрамов Тимур,1929-01-01,Ульяновск
Абрамов Михаил,1996-01-01,Элиста
Абрамов Ярослав,1975-01-01,Гуково
Абрамов Мирон,1969-01-01,Шуя
Абрамов Максим,1924-01-01,Мелеуз
Абрамов Максим,1995-01-01,Минусинск
Абрамов Марк,1964-01-01,Камышин
Абрамов Михаил,1999-01-01,Рязань
Абрамов Артём,2012-01-01,Сыктывкар
Абрамов Марк,1989-01-01,Асбест
Абрамов Максим,1943-01-01,Владивосток
Абрамов Александр,1980-01-01,Минусинск
Абрамов Иван,1948-01-01,Элиста
Абрамов Григорий,2011-01-01,Петропавловск-Камчатский
Абрамов Роман,1980-01-01,Нефтекамск
Абрамов Иван,1978-01-01,Апатиты
Абрамов Егор,1950-01-01,Выкса
Абрамов Владислав,1938-01-01,Новочебоксарск
Абрамов Александр,1920-01-01,Киселевск
Абрамов Илья,1936-01-01,Миасс
Абрамов Михаил,1963-01-01,Копейск
Абрамов Мирон,1950-01-01,Узловая
Абрамов Сергей,1928-01-01,Назарово
Абрамов Савва,2001-01-01,Чапаевск
Абрамов Михаил,1939-01-01,Рубцовск
Абрамов Александр,1939-01-01,Асбест
Абрамов Тимофей,1943-01-01,Нижнекамск
Абрамов Олег,1911-01-01,Элиста
Абрамов Егор,1924-01-01,Саратов
Абрамов Вадим,2013-01-01,Стерлитамак
Абрамов Кирилл,1947-01-01,Губкин
Абрамов Сергей,2003-01-01,Бузулук
Абрамов Елисей,1965-01-01,Рыбинск
Абрамов Фёдор,1974-01-01,Батайск
Абрамов Кирилл,1943-01-01,Батайск
Абрамов Александр,1923-01-01,Кемерово
Абрамов Даниил,1934-01-01,Белореченск
Абрамов Савелий,1957-01-01,Краснокамск
Абрамов Андрей,1908-01-01,Элиста
Абрамов Елисей,1967-01-01,Пенза
Абрамов Андрей,2000-01-01,Тверь
Абрамов Илья,1951-01-01,Рыбинск
Абрамов Виктор,1970-01-01,Кинешма
Абрамов Илья,1927-01-01,Тамбов
Абрамов Лев,1952-01-01,Казань
Абрамов Максим,1945-01-01,Белово
Абрамов Павел,1930-01-01,Киров (Кировская область)
Абрамов Владимир,1906-01-01,Октябрьский
Абрамов Дмитрий,1964-01-01,Кстово
Абрамов Леонид,1922-01-01,Нягань
Абрамов Константин,2009-01-01,Воткинск
Абрамов Иван,1964-01-01,Рязань
Абрамов Сергей,2010-01-01,Мытищи
Абрамов Матвей,1971-01-01,Орск
Абрамов Ярослав,2007-01-01,Ишим
Абрамов Лев,1954-01-01,Прохладный
Абрамов Степан,1990-01-01,Крымск
Абрамов Мирон,1948-01-01,Норильск
Абрамов Максим,1966-01-01,Чапаевск
Абрамов Андрей,1978-01-01,Махачкала
Абрамов Иван,1924-01-01,Узловая
Абрамов Марк,1912-01-01,Тула
Абрамов Артемий,1963-01-01,Северодвинск
Абрамов Максим,1995-01-01,Евпатория
Абрамов Максим,1963-01-01,Славянск-на-Кубани
Абрамов Кирилл,1997-01-01,Йошкар-Ола
Абрамов Ярослав,1973-01-01,Краснодар
Абрамов Ян,1937-01-01,Челябинск
Абрамов Макар,2008-01-01,Саров
Абрамов Савелий,1996-01-01,Елабуга
Абрамов Денис,1959-01-01,Липецк
Абрамов Даниил,1970-01-01,Бузулук
Абрамов Александр,1927-01-01,Лыткарино
Абрамов Арсений,1998-01-01,Полевской
Абрамов Макар,1981-01-01,Нерюнгри
Абрамов Иван,1909-01-01,Магадан
Абрамов Александр,1992-01-01,Якутск
Абрамов Марк,2000-01-01,Новомосковск
Абрамов Даниил,1997-01-01,Волжский
Абрамов Ярослав,1969-01-01,Ижевск
Абрамов Иван,1958-01-01,Новоуральск
Абрамов Савелий,1931-01-01,Салават
Абрамов Артём,2010-01-01,Подольск
Абрамов Елисей,2007-01-01,Юрга
Абрамов Григорий,1969-01-01,Кострома
Абрамов Михаил,1942-01-01,Выборг
Абрамов Кирилл,1957-01-01,Тихорецк
Абрамов Артём,1964-01-01,Клинцы
Абрамов Даниил,1945-01-01,Рубцовск
Абрамов Даниил,2007-01-01,Электросталь
Абрамов Владимир,1962-01-01,Георгиевск
Абрамов Антон,1961-01-01,Выкса
Абрамов Максим,1935-01-01,Красногорск
Абрамов Артём,1973-01-01,Котлас
Абрамов Максим,1942-01-01,Подольск
Абрамов Дмитрий,1941-01-01,Петропавловск-Камчатский
Абрамов Иван,2009-01-01,Миасс
Абрамов Даниил,1929-01-01,Набережные Челны
Абрамов Матвей,1948-01-01,Гудермес
Абрамов Леонид,1970-01-01,Черногорск
Абрамов Михаил,1972-01-01,Апатиты
Абрамов Максим,1933-01-01,Лысьва
Абрамов Михаил,1966-01-01,Котлас
Абрамов Михаил,2011-01-01,Салават
Абрамов Матвей,1964-01-01,Кузнецк
Абрамов Даниил,1960-01-01,Белореченск
Абрамов Платон,1906-01-01,Биробиджан
Абрамов Алексей,2013-01-01,Волгодонск
Абрамов Никита,1987-01-01,Ногинск
Абрамов Илья,1911-01-01,Лениногорск
Абрамов Ярослав,1996-01-01,Сертолово
Абрамов Андрей,1981-01-01,Бузулук
Абрамов Александр,1938-01-01,Нижний Тагил
Абрамов Серафим,1920-01-01,Пенза
Абрамов Максим,1962-01-01,Крымск
Абрамов Виктор,1909-01-01,Рославль
Абрамов Денис,1979-01-01,Тихорецк
Абрамов Артём,1928-01-01,Салават
Абрамов Виктор,1932-01-01,Грозный
Абрамов Вадим,2000-01-01,Владивосток
Абрамов Юрий,1972-01-01,Пушкино
Абрамов Марк,1914-01-01,Старый Оскол
Абрамов Тимофей,1967-01-01,Орск
Абрамов Кирилл,1946-01-01,Буйнакск
Абрамов Егор,1955-01-01,Петрозаводск
Абрамов Михаил,1970-01-01,Владивосток
Абрамов Александр,1919-01-01,Феодосия
Абрамов Савелий,2000-01-01,Гудермес
Абрамов Степан,1941-01-01,Чехов
Абрамов Иван,2013-01-01,Нальчик
Абрамов Егор,1933-01-01,Чайковский
Абрамов Филипп,1912-01-01,Лабинск
Абрамов Герман,1998-01-01,Всеволожск
Абрамов Егор,1996-01-01,Соликамск
Абрамов Иван,1960-01-01,Череповец
Абрамов Александр,1983-01-01,Нягань
Абрамов Владимир,1916-01-01,Каспийск
Абрамов Артём,1938-01-01,Елабуга
Абрамов Григорий,2004-01-01,Сертолово
Абрамов Денис,1975-01-01,Верхняя Пышма
Абрамов Тимофей,1951-01-01,Воркута
Абрамов Андрей,1917-01-01,Озерск (Челябинская область)
Абрамов Мирон,1917-01-01,Свободный
Абрамов Максим,1917-01-01,Кострома
Абрамов Николай,1911-01-01,Улан-Удэ
Абрамов Алексей,1988-01-01,Узловая
Абрамов Максим,2013-01-01,Альметьевск
Абрамов Роман,1913-01-01,Буденновск
Абрамов Артём,1985-01-01,Соликамск
Абрамов Артём,1947-01-01,Елабуга
Абрамов Кирилл,1983-01-01,Белово
Абрамов Иван,1973-01-01,Лениногорск
Абрамов Антон,1978-01-01,Чистополь
Абрамов Юрий,1965-01-01,Асбест
Абрамов Кирилл,1955-01-01,Москва
Абрамов Илья,1910-01-01,Калуга
Абрамов Иван,1933-01-01,Чехов
Абрамов Антон,1941-01-01,Таганрог
Абрамов Савелий,1960-01-01,Йошкар-Ола
Абрамов Матвей,1934-01-01,Великий Новгород
Абрамов Иван,1988-01-01,Уссурийск
Абрамов Савва,2004-01-01,Кисловодск
Абрамов Тимофей,1906-01-01,Тюмень
Абрамов Алексей,1919-01-01,Лесосибирск
Абрамов Даниил,1958-01-01,Красногорск
Абрамов Ян,1916-01-01,Нижний Новгород
Абрамов Николай,1913-01-01,Ангарск
Абрамов Семён,1961-01-01,Ступино
Абрамов Руслан,1913-01-01,Тобольск
Абрамов Сергей,1927-01-01,Наро-Фоминск
Абрамов Илья,1981-01-01,Свободный
Абрамов Богдан,1944-01-01,Железногорск (Красноярский край)
Абрамов Артём,1996-01-01,Северодвинск
Абрамов Пётр,1986-01-01,Новотроицк
Абрамов Андрей,2007-01-01,Соликамск
Абрамов Артём,1979-01-01,Октябрьский
Абрамов Лев,1994-01-01,Минусинск
Абрамов Кирилл,2009-01-01,Мурманск
Абрамов Иван,1920-01-01,Кропоткин
Абрамов Кирилл,1907-01-01,Видное
Абрамов Роман,1973-01-01,Донской
Абрамов Михаил,1983-01-01,Сальск
Абрамов Ярослав,1915-01-01,Юрга
Абрамов Артур,1942-01-01,Искитим
Абрамов Максим,1929-01-01,Черкесск
Абрамов Даниил,1944-01-01,Ленинск-Кузнецкий
Абрамов Артём,1989-01-01,Воронеж
Абрамов Андрей,1926-01-01,Лыткарино
Абрамов Александр,1959-01-01,Ангарск
Абрамов Илья,1942-01-01,Набережные Челны
Абрамов Глеб,1917-01-01,Пятигорск
Абрамов Георгий,1923-01-01,Березники
Абрамов Платон,1927-01-01,Жуковский
Абрамов Кирилл,1931-01-01,Ульяновск
Абрамов Георгий,1907-01-01,Щелково
Абрамов Николай,1945-01-01,Лобня
Абрамов Максим,1920-01-01,Новокуйбышевск
Абрамов Константин,1905-01-01,Ачинск
Абрамов Владимир,2007-01-01,Екатеринбург
Абрамов Сергей,1934-01-01,Коломна
Абрамов Даниил,1904-01-01,Краснодар
Абрамов Александр,1925-01-01,Брянск
Абрамов Савва,1928-01-01,Димитровград
Абрамов Тимур,1949-01-01,Владикавказ
Абрамов Алексей,1975-01-01,Железногорск (Красноярский край)
Абрамов Егор,1907-01-01,Армавир
Абрамов Александр,2012-01-01,Чистополь
Абрамов Иван,1991-01-01,Ступино
Абрамов Лев,1999-01-01,Армавир
Абрамов Лев,2007-01-01,Стерлитамак
Абрамов Мирон,2011-01-01,Боровичи
Абрамов Илья,1938-01-01,Ишимбай
Абрамов Илья,1999-01-01,Мытищи
Абрамов Фёдор,1937-01-01,Минусинск
Абрамов Фёдор,1993-01-01,Нижнекамск
Абрамов Артём,1908-01-01,Сызрань
Абрамов Николай,1921-01-01,Северск
Абрамов Семён,2013-01-01,Биробиджан
Абрамов Руслан,1939-01-01,Ишим
Абрамов Лев,1924-01-01,Стерлитамак
Абрамов Марк,1943-01-01,Бугульма
Абрамов Даниил,1974-01-01,Заречный
Абрамов Фёдор,1911-01-01,Якутск
Абрамов Иван,1959-01-01,Шахты
Абрамов Сергей,1960-01-01,Балаково
Абрамов Павел,1929-01-01,Жигулевск
Абрамов Родион,1917-01-01,Хасавюрт
Абрамов Андрей,1960-01-01,Ухта
Абрамов Марк,2011-01-01,Белгород
Абрамов Руслан,1980-01-01,Старый Оскол
Абрамов Константин,1955-01-01,Солнечногорск
Абрамов Артём,1919-01-01,Южно-Сахалинск
Абрамов Тимур,1927-01-01,Армавир
Абрамов Арсений,1943-01-01,Грозный
Абрамов Руслан,1944-01-01,Нижний Тагил
Абрамов Павел,1999-01-01,Самара
Абрамов Лев,1949-01-01,Биробиджан
Абрамов Артём,1942-01-01,Буденновск
Абрамов Лев,1986-01-01,Краснотурьинск
Абрамов Михаил,2001-01-01,Новоуральск
Абрамов Артём,1994-01-01,Кызыл
Абрамов Тихон,1951-01-01,Биробиджан
Абрамов Дмитрий,1921-01-01,Бердск
Абрамов Артём,1996-01-01,Серов
Абрамов Григорий,1930-01-01,Биробиджан
Абрамов Роман,1966-01-01,Петропавловск-Камчатский
Абрамов Юрий,1925-01-01,Екатеринбург
Абрамов Игорь,1948-01-01,Ивантеевка
Абрамов Андрей,1993-01-01,Белорецк
Абрамов Тимур,1927-01-01,Саратов
Абрамов Максим,1906-01-01,Бугульма
Абрамов Владимир,1991-01-01,Стерлитамак
Абрамов Игорь,1936-01-01,Дмитров
Абрамов Матвей,1951-01-01,Волжск
Абрамов Тимофей,2013-01-01,Хабаровск
Абрамов Иван,1948-01-01,Борисоглебск
Абрамов Александр,1942-01-01,Норильск
Абрамов Тимофей,1930-01-01,Донской
Абрамов Дмитрий,1923-01-01,Нижний Новгород
Абрамов Даниил,1989-01-01,Орехово-Зуево
Абрамов Егор,1976-01-01,Ступино
Абрамов Руслан,1909-01-01,Тимашевск
Абрамов Андрей,1994-01-01,Сургут
Абрамов Владимир,1982-01-01,Стерлитамак
Абрамов Александр,1933-01-01,Ковров
Абрамов Марк,2004-01-01,Невинномысск
Абрамов Михаил,1986-01-01,Новомосковск
Абрамов Марк,1917-01-01,Курган
Абрамов Георгий,1985-01-01,Ухта
Абрамов Яков,2007-01-01,Каменск-Шахтинский
Абрамов Мирон,1927-01-01,Лесосибирск
Абрамов Кирилл,1933-01-01,Буйнакск
Абрамов Дмитрий,1935-01-01,Урус-Мартан
Абрамов Роман,1906-01-01,Лиски
Абрамов Марк,1926-01-01,Рыбинск
Абрамов Глеб,2004-01-01,Новокуйбышевск
Абрамов Алексей,1980-01-01,Троицк
Абрамов Кирилл,1932-01-01,Междуреченск
Абрамов Даниил,1932-01-01,Крымск
Абрамов Мирон,1906-01-01,Невинномысск
Абрамов Иван,1926-01-01,Наро-Фоминск
